Date,Industrial Production,Exchange Rate,Reserves,CPI,Exchange Rate Growth,US CPI,Real Exchange Rate,Real Exchange Rate Growth,Real Exchange Rate Index,Monthly Inflation Rate,Monthly Industrial Production Growth,Growth in Industrial Production,Reserves Index,Country
1959-12-01,32.5,4.2,4811470000,24.62,,13.48,2.2995938261575954,,1.715142486258744,,,,6.243455944075726,Germany
1960-01-01,31.19,4.2,4724160000,24.62,0.0,13.44,2.2927701056051992,-0.2967359050444984,1.7100530426793414,0.0,-4.030769230769227,,6.130160810056965,Germany
1960-02-01,31.04,4.2,4806360000,24.48,0.0,13.48,2.312745098039216,0.871216542172415,1.7249513076670866,-0.5686433793663737,-0.4809233728759299,,6.236825109866175,Germany
1960-03-01,32.2,4.2,4966460000,24.48,0.0,13.48,2.312745098039216,0.0,1.7249513076670866,0.0,3.7371134020618646,,6.444573946842509,Germany
1960-04-01,34.29,4.2,5236120000,24.62,0.0,13.53,2.3081234768480905,-0.199832709408565,1.7215042907329972,0.5718954248365993,6.490683229813654,,6.794489945462362,Germany
1960-05-01,33.73,4.2,5417090000,24.69,0.0,13.53,2.301579586877278,-0.28351559335761944,1.7166235576284485,0.2843216896831757,-1.6331291921843127,,7.029320095541109,Germany
1960-06-01,34.4,4.2,5843770000,24.69,0.0,13.57,2.3083839611178614,0.2956393200295615,1.7216985718416886,0.0,1.9863622887637211,,7.5829882639424975,Germany
1960-07-01,32.35,4.2,6124730000,24.69,0.0,13.57,2.3083839611178614,0.0,1.7216985718416886,0.0,-5.959302325581383,,7.947567359738068,Germany
1960-08-01,31.15,4.2,6358680000,24.69,0.0,13.57,2.3083839611178614,0.0,1.7216985718416886,0.0,-3.7094281298299947,,8.25114537604421,Germany
1960-09-01,34.66,4.2,6643270000,24.62,0.0,13.57,2.3149471974004876,0.28432168968319793,1.7265937343124005,-0.28351559335763055,11.268057784911711,,8.620434829605077,Germany
1960-10-01,35.89,4.2,6878950000,24.69,0.0,13.67,2.3253948967193194,0.4513148002064149,1.7343861073747888,0.2843216896831757,3.5487593768032344,,8.926257727160248,Germany
1960-11-01,37.27,4.2,6909720000,24.76,0.0,13.67,2.3188206785137315,-0.2827140549273133,1.7294827540825337,0.28351559335764165,3.845082195597671,,8.966185470531652,Germany
1960-12-01,36.04,4.2,7053740000,24.76,0.0,13.67,2.3188206785137315,0.0,1.7294827540825337,0.0,-3.3002414810839875,10.89230769230769,9.153068590465017,Germany
1961-01-01,33.47,4.2,6987750000,24.97,0.0,13.67,2.2993191830196236,-0.8410092110532452,1.714937644817122,0.8481421647818843,-7.130965593784689,7.31003526771401,9.067438698197257,Germany
1961-02-01,34.81,4.2,7057510000,24.97,0.0,13.67,2.2993191830196236,0.0,1.714937644817122,0.0,4.003585300268897,12.145618556701043,9.157960614920986,Germany
1961-03-01,36.23,4.0,7446150000,24.97,-4.761904761904765,13.67,2.1898277933520225,-4.761904761904756,1.6332739474448783,0.0,4.0792875610456525,12.515527950310545,9.662267348228186,Germany
1961-04-01,36.97,4.0,7111600000,24.97,0.0,13.67,2.1898277933520225,0.0,1.6332739474448783,0.0,2.0425062103229363,7.815689705453477,9.228148838481573,Germany
1961-05-01,36.19,4.0,7159220000,25.18,0.0,13.67,2.1715647339158064,-0.8339952343129453,1.619652520559913,0.8410092110532563,-2.1098187719772787,7.293210791580207,9.289941465694646,Germany
1961-06-01,35.55,4.0,7299590000,25.32,0.0,13.67,2.1595576619273302,-0.5529225908372903,1.6106970958806717,0.5559968228753043,-1.7684443216358092,3.3430232558139483,9.472088275478331,Germany
1961-07-01,33.95,4.0,7186650000,25.32,0.0,13.76,2.1737756714060033,0.6583760058522348,1.6213015390869088,0.0,-4.500703234880432,4.945904173106652,9.325535160874288,Germany
1961-08-01,32.95,4.0,7108430000,25.32,0.0,13.71,2.165876777251185,-0.3633720930232509,1.6154101817501105,0.0,-2.945508100147276,5.778491171749622,9.224035385557057,Germany
1961-09-01,36.68,4.0,7135830000,25.32,0.0,13.76,2.1737756714060033,0.3646973012399579,1.6213015390869088,0.0,11.320182094081922,5.828043854587439,9.259590152160127,Germany
1961-10-01,36.75,4.0,6908700000,25.32,0.0,13.76,2.1737756714060033,0.0,1.6213015390869088,0.0,0.1908396946564972,2.396210643633312,8.964861898928179,Germany
1961-11-01,38.58,4.0,6791230000,25.46,0.0,13.76,2.161822466614297,-0.5498821681068411,1.6123862910322282,0.5529225908372792,4.979591836734687,3.5148913335121934,8.81243056926166,Germany
1961-12-01,37.61,4.0,7166990000,25.46,0.0,13.76,2.161822466614297,0.0,1.6123862910322282,0.0,-2.5142560912389866,4.356270810210883,9.300023967026977,Germany
1962-01-01,33.95,4.0,6460490000,25.74,0.0,13.76,2.1383061383061386,-1.0878010878010769,1.5948467354188243,1.09976433621366,-9.73145440042541,1.4341201075590115,8.38325598873978,Germany
1962-02-01,35.85,4.0,6444200000,25.81,0.0,13.8,2.138705927934909,0.018696557130359892,1.5951449168498537,0.2719502719502831,5.596465390279826,2.987647227808088,8.3621177716608,Germany
1962-03-01,35.96,4.0,6649120000,25.88,0.0,13.8,2.132921174652241,-0.2704791344667834,1.5908303826852672,0.27121270825261057,0.30683403068341164,-0.7452387524151116,8.628025902036757,Germany
1962-04-01,37.86,4.0,6552620000,25.95,0.0,13.85,2.1348747591522157,0.0915919689480793,1.592287455555393,0.2704791344667612,5.283648498331472,2.407357316743308,8.502805647394556,Germany
1962-05-01,37.83,4.0,6589710000,25.95,0.0,13.85,2.1348747591522157,0.0,1.592287455555393,0.0,-0.07923930269413404,4.531638574191765,8.55093434423061,Germany
1962-06-01,38.61,4.0,6831720000,25.95,0.0,13.85,2.1348747591522157,0.0,1.592287455555393,0.0,2.0618556701030855,8.607594936708862,8.864971171442619,Germany
1962-07-01,34.99,4.0,6738210000,26.02,0.0,13.9,2.1368178324365874,0.09101579734556164,1.5937366886791002,0.2697495183044296,-9.375809375809375,3.0633284241531555,8.7436307982655,Germany
1962-08-01,34.47,4.0,6781260000,25.88,0.0,13.9,2.1483771251931993,0.5409582689335224,1.6023581390815373,-0.5380476556494984,-1.4861388968276712,4.613050075872516,8.79949330564733,Germany
1962-09-01,39.06,4.0,6999950000,25.88,0.0,13.94,2.1545595054095825,0.2877697841726645,1.6069692416400452,0.0,13.315926892950403,6.488549618320616,9.083269652670156,Germany
1962-10-01,38.58,4.0,7048550000,25.95,0.0,13.94,2.148747591522158,-0.2697495183044185,1.6026344498514211,0.2704791344667612,-1.2288786482335001,4.979591836734687,9.146333946717938,Germany
1962-11-01,41.04,4.0,6982580000,26.02,0.0,13.94,2.142966948501153,-0.26902382782474366,1.5983229813083926,0.2697495183044296,6.3763608087091805,6.3763608087091805,9.06073000683456,Germany
1962-12-01,39.58,4.0,6960270000,26.16,0.0,13.94,2.1314984709480123,-0.5351681957186605,1.5897692650475679,0.5380476556495095,-3.557504873294348,5.2379686253655855,9.03178012205666,Germany
1963-01-01,34.47,4.0,6791490000,26.51,0.0,13.94,2.1033572236891738,-1.320256506978501,1.568780232879833,1.33792048929664,-12.910560889338052,1.5316642120765778,8.812767950258623,Germany
1963-02-01,35.44,4.0,6815370000,26.71,0.0,13.94,2.087607637588918,-0.7487832272557116,1.5570334696235257,0.7544322897020006,2.814041195242245,-1.1436541143654222,8.843755097210495,Germany
1963-03-01,37.83,4.0,6967070000,26.71,0.0,13.99,2.095095469861475,0.35868005738881603,1.5626182381659346,0.0,6.743792325056441,5.200222469410454,9.040603932746471,Germany
1963-04-01,38.94,4.0,6976700000,26.78,0.0,13.99,2.089619118745332,-0.2613890963405696,1.5585337244739397,0.2620741295394913,2.9341792228390062,2.852614896988892,9.05310000582631,Germany
1963-05-01,38.46,4.0,7219190000,26.71,0.0,13.99,2.095095469861475,0.2620741295395135,1.5626182381659346,-0.2613890963405585,-1.2326656394452962,1.6653449643140528,9.367759690263483,Germany
1963-06-01,41.11,4.0,7230790000,26.58,0.0,14.03,2.1113619262603462,0.7764064517759905,1.5747505069836831,-0.4867090977162203,6.890275611024443,6.475006475006473,9.382812073204928,Germany
1963-07-01,35.89,4.0,7294700000,26.58,0.0,14.08,2.1188863807373965,0.3563791874554578,1.580362590044922,0.0,-12.697640476769646,2.5721634752786438,9.46574291749698,Germany
1963-08-01,35.89,4.0,7351000000,26.51,0.0,14.08,2.12448132780083,0.26405130139570687,1.5845355580307066,-0.26335590669674946,0.0,4.119524223962867,9.538798879531758,Germany
1963-09-01,40.03,4.0,7429250000,26.58,0.0,14.08,2.1188863807373965,-0.26335590669676057,1.580362590044922,0.26405130139568467,11.53524658679299,2.4833589349718244,9.640337583425563,Germany
1963-10-01,40.77,4.0,7461930000,26.78,0.0,14.12,2.1090365944734875,-0.4648567451965624,1.5730161679465353,0.7524454477050524,1.848613539845112,5.676516329704517,9.682743779505428,Germany
1963-11-01,43.71,4.0,7616070000,26.85,0.0,14.12,2.1035381750465545,-0.26070763500931626,1.5689151946967677,0.2613890963405474,7.211184694628403,6.5058479532163815,9.882758805935984,Germany
1963-12-01,40.36,4.0,7673530000,27.06,0.0,14.17,2.0946045824094606,-0.4246936301451343,1.5622521118025112,0.7821229050279266,-7.664150080073218,1.9706922688226491,9.957320006264906,Germany
1964-01-01,37.75,4.0,7590800000,27.2,0.0,14.17,2.083823529411765,-0.5147058823529393,1.5542111082858807,0.5173688100517326,-6.466798810703667,9.515520742674788,9.849967968269576,Germany
1964-02-01,39.99,4.0,7804890000,27.27,0.0,14.17,2.0784745141180787,-0.25669233590025486,1.5502215674872004,0.2573529411764808,5.933774834437089,12.838600451467276,10.127775266884589,Germany
1964-03-01,40.52,4.0,7783770000,27.27,0.0,14.17,2.0784745141180787,0.0,1.5502215674872004,0.0,1.3253313328332128,7.110758657150429,10.100369548977405,Germany
1964-04-01,41.97,4.0,7633840000,27.27,0.0,14.17,2.0784745141180787,0.0,1.5502215674872004,0.0,3.5784797630799448,7.781201848998465,9.905817499459218,Germany
1964-05-01,44.13,4.0,7577900000,27.27,0.0,14.17,2.0784745141180787,0.0,1.5502215674872004,0.0,5.146533238027162,14.742589703588148,9.833228680343312,Germany
1964-06-01,42.08,4.0,7882480000,27.2,0.0,14.22,2.0911764705882354,0.6111191830295848,1.5596952688655767,-0.25669233590025486,-4.645365964196701,2.359523230357574,10.228457542093794,Germany
1964-07-01,39.32,4.0,7765880000,27.27,0.0,14.26,2.0916758342500916,0.023879556263173285,1.5600677171748396,0.2573529411764808,-6.558935361216722,9.55697966007245,10.077155141147882,Germany
1964-08-01,38.17,4.0,7739110000,27.27,0.0,14.22,2.0858085808580857,-0.28050490883591017,1.5556916506469998,0.0,-2.924720244150558,6.352744497074392,10.042417874652838,Germany
1964-09-01,42.75,4.0,7781940000,27.27,0.0,14.26,2.0916758342500916,0.2812939521800395,1.5600677171748396,0.0,11.99895205658894,6.794903822133391,10.09799490580647,Germany
1964-10-01,44.57,4.0,7712080000,27.34,0.0,14.26,2.0863204096561816,-0.2560351133869654,1.5560733960262574,0.25669233590026597,4.257309941520471,9.320578857002682,10.007343227160831,Germany
1964-11-01,46.48,4.0,7596740000,27.48,0.0,14.31,2.0829694323144103,-0.16061662083455275,1.5535740835198546,0.512070226773953,4.285393762620582,6.337222603523207,9.857675826430972,Germany
1964-12-01,43.5,4.0,7905570000,27.69,0.0,14.31,2.0671722643553627,-0.7583965330444253,1.5417918315321635,0.7641921397379958,-6.411359724612731,7.779980178394452,10.258419569862586,Germany
1965-01-01,42.33,4.0,7501140000,27.76,0.0,14.31,2.061959654178674,-0.2521613832852987,1.5379040279223921,0.2527988443481455,-2.6896551724137963,12.13245033112582,9.733623429085952,Germany
1965-02-01,43.08,4.0,7598750000,27.76,0.0,14.31,2.061959654178674,0.0,1.5379040279223921,0.0,1.7717930545712246,7.726931732933218,9.860284041061343,Germany
1965-03-01,42.6,4.0,7764980000,27.9,0.0,14.35,2.057347670250896,-0.22366994031293164,1.534464198901068,0.5043227665705974,-1.114206128133699,5.13326752221126,10.0759872838507,Germany
1965-04-01,45.43,4.0,7724090000,27.97,0.0,14.4,2.059349302824455,0.09729189686809026,1.5359571082269408,0.2508960573476715,6.643192488262906,8.243983797950927,10.022927633982103,Germany
1965-05-01,45.47,4.0,7550790000,28.04,0.0,14.4,2.0542082738944365,-0.24964336661912334,1.5321226931921372,0.25026814444046863,0.08804754567466322,3.0364831180602625,9.79805022331378,Germany
1965-06-01,45.13,4.0,7449140000,28.25,0.0,14.49,2.0516814159292034,-0.12300884955752656,1.5302380466934318,0.7489300998573478,-0.7477457664394005,7.24809885931561,9.666147229693264,Germany
1965-07-01,41.0,4.0,7348160000,28.32,0.0,14.49,2.0466101694915255,-0.24717514124292794,1.5264556786401644,0.24778761061947652,-9.15134057168181,4.272634791454721,9.535113640949541,Germany
1965-08-01,39.66,4.0,7261970000,28.32,0.0,14.49,2.0466101694915255,0.0,1.5264556786401644,0.0,-3.268292682926832,3.903589206182856,9.42327184045616,Germany
1965-09-01,45.2,4.0,7353730000,28.32,0.0,14.49,2.0466101694915255,0.0,1.5264556786401644,0.0,13.968734241048942,5.730994152046787,9.542341379999874,Germany
1965-10-01,46.29,4.0,7401570000,28.46,0.0,14.54,2.043569922698524,-0.14855036090027918,1.5241881232205616,0.4943502824858781,2.4115044247787543,3.8590980480143644,9.604419483441145,Germany
1965-11-01,48.15,4.0,7429890000,28.6,0.0,14.54,2.0335664335664334,-0.4895104895104807,1.516727062477524,0.49191848208012257,4.0181464679196255,3.5929432013769302,9.64116805972578,Germany
1965-12-01,44.5,4.0,7424050000,28.74,0.0,14.58,2.0292275574112737,-0.2133628920865993,1.5134909297519616,0.4895104895104696,-7.580477673935615,2.298850574712641,9.633589963486292,Germany
1966-01-01,42.56,4.0,7262830000,28.88,0.0,14.58,2.0193905817174516,-0.4847645429363001,1.5061540623639673,0.4871259568545616,-4.359550561797743,0.5433498700685213,9.424387792984577,Germany
1966-02-01,43.91,4.0,7212930000,28.95,0.0,14.68,2.0283246977547496,0.44241644574274375,1.5128175356340878,0.2423822714681556,3.17199248120299,1.9266480965645316,9.359636593951977,Germany
1966-03-01,45.2,4.0,7154140000,29.02,0.0,14.72,2.0289455547898,0.030609351438548593,1.513280599270194,0.24179620034543436,2.937827374174473,6.103286384976525,9.283349560061668,Germany
1966-04-01,47.41,4.0,7162730000,29.23,0.0,14.81,2.0266849127608624,-0.11141955108656676,1.511594508819807,0.7236388697450025,4.889380530973431,4.358353510895885,9.294496109153652,Germany
1966-05-01,46.62,4.0,7177080000,29.23,0.0,14.81,2.0266849127608624,0.0,1.511594508819807,0.0,-1.6663151233916929,2.529140092368598,9.313116944947595,Germany
1966-06-01,46.73,4.0,7412700000,29.23,0.0,14.86,2.03352719808416,0.33760972316001503,1.5166977988563355,0.0,0.2359502359502441,3.545313538666073,9.61886198534962,Germany
1966-07-01,42.71,4.0,7670010000,29.23,0.0,14.9,2.0390010263427985,0.2691790040376896,1.5207804308855586,0.0,-8.602610742563655,4.170731707317077,9.952752386613708,Germany
1966-08-01,39.39,4.0,7664590000,29.16,0.0,15.0,2.05761316872428,0.9128069157897656,1.5346622198326592,-0.23947998631542733,-7.773355186139074,-0.6807866868381196,9.94571929044624,Germany
1966-09-01,45.28,4.0,7685180000,29.16,0.0,15.0,2.05761316872428,0.0,1.5346622198326592,0.0,14.953033764914947,0.1769911504424737,9.972437270167307,Germany
1966-10-01,46.55,4.0,7864420000,29.23,0.0,15.09,2.0650017105713308,0.3590831337666689,1.5401729330243676,0.24005486968450285,2.804770318021199,0.5616763879887632,10.205022538997026,Germany
1966-11-01,47.26,4.0,7909080000,29.51,0.0,15.09,2.0454083361572346,-0.948830904778053,1.5255592962488058,0.9579199452617315,1.525241675617628,-1.8483904465212864,10.262974213321591,Germany
1966-12-01,43.94,4.0,8054140000,29.58,0.0,15.09,2.0405679513184585,-0.23664638269099703,1.5219491153584268,0.23720772619448827,-7.024968260685571,-1.2584269662921366,10.451206857242811,Germany
1967-01-01,40.18,4.0,7789910000,29.65,0.0,15.09,2.0357504215851603,-0.23608768971331573,1.5183559808533649,0.23664638269100813,-8.557123350022755,-5.592105263157898,10.108336930982619,Germany
1967-02-01,41.7,4.0,7974810000,29.65,0.0,15.09,2.0357504215851603,0.0,1.5183559808533649,0.0,3.782976605276267,-5.033022090639927,10.348266724592388,Germany
1967-03-01,42.71,4.0,8049000000,29.72,0.0,15.13,2.0363391655450878,0.028920242564356435,1.5187950930860181,0.23608768971332683,2.4220623501199023,-5.508849557522133,10.444537094456688,Germany
1967-04-01,44.2,4.0,8008330000,29.72,0.0,15.18,2.0430686406460294,0.33046926635820206,1.523814244087624,0.0,3.4886443455865113,-6.770723476059892,10.39176292081629,Germany
1967-05-01,44.05,4.0,7859890000,29.79,0.0,15.23,2.0449815374286673,0.09362861063899608,1.5252409701930822,0.23553162853298115,-0.33936651583711397,-5.512655512655518,10.199144323934547,Germany
1967-06-01,43.34,4.0,7809310000,29.79,0.0,15.27,2.0503524672708964,0.26263952724885353,1.5292468558666032,0.0,-1.6118047673098657,-7.254440402311135,10.133510743832968,Germany
1967-07-01,41.52,4.0,7844130000,29.79,0.0,15.32,2.0570661295736827,0.3274394237066325,1.5342542129585046,0.0,-4.199353945546836,-2.7862327323811664,10.178693845041686,Germany
1967-08-01,38.28,4.0,7895510000,29.65,0.0,15.36,2.0721753794266444,0.7345048190596115,1.54552338408931,-0.46995636119503414,-7.8034682080924895,-2.817974105102816,10.245365520518538,Germany
1967-09-01,45.32,4.0,8012650000,29.65,0.0,15.41,2.078920741989882,0.32552083333332593,1.5505543846885588,0.0,18.39080459770115,0.08833922261484162,10.39736863584276,Germany
1967-10-01,46.66,4.0,8063380000,29.72,0.0,15.45,2.079407806191117,0.02342870468303726,1.5509176594962975,0.23608768971332683,2.956751985878192,0.236305048335117,10.463196858827203,Germany
1967-11-01,48.86,4.0,8218520000,29.79,0.0,15.5,2.0812353138637127,0.08788596768534163,1.5522806984893485,0.23553162853298115,4.714959279897135,3.3855268726195487,10.664509504476852,Germany
1967-12-01,49.27,4.0,8153290000,29.79,0.0,15.55,2.087948976166499,0.3225806451613078,1.5572880555812498,0.0,0.8391322144903901,12.130177514792905,10.579865802815599,Germany
1968-01-01,42.19,4.0,7908190000,30.07,0.0,15.64,2.08047888260725,-0.3577718442605127,1.5517165173843481,0.9399127223900683,-14.369799066368994,5.002488800398197,10.261819332216602,Germany
1968-02-01,44.57,4.0,8231100000,30.14,0.0,15.68,2.0809555408095552,0.022910984883828256,1.552072030921086,0.2327901563019541,5.641147191277551,6.882494004796147,10.680833554253006,Germany
1968-03-01,47.11,4.0,8559870000,30.14,0.0,15.73,2.0875912408759123,0.3188775510204023,1.5570212402033599,0.0,5.698900605788637,10.302036993678287,11.107451824913277,Germany
1968-04-01,48.79,4.0,8540490000,30.14,0.0,15.78,2.0942269409422694,0.31786395422759295,1.5619704494856337,0.0,3.566121842496295,10.384615384615369,11.08230396444731,Germany
1968-05-01,49.2,4.0,8431020000,30.14,0.0,15.82,2.099535500995355,0.25348542458807355,1.5659298169114528,0.0,0.8403361344537785,11.691259931895592,10.94025358853351,Germany
1968-06-01,52.74,4.0,8889420000,30.14,0.0,15.91,2.1114797611147975,0.568900126422256,1.5748383936195458,0.0,7.195121951219519,21.6889709275496,11.535082238564438,Germany
1968-07-01,44.61,4.0,8835630000,30.14,0.0,16.01,2.1247511612475116,0.6285355122564562,1.5847368121840937,0.0,-15.415244596131972,7.4421965317919,11.465283300769578,Germany
1968-08-01,45.62,4.0,8957490000,30.07,0.0,16.05,2.1350182906551383,0.4832156157805523,1.59239450792959,-0.2322495023225013,2.264066352835692,19.174503657262278,11.623411178807906,Germany
1968-09-01,51.73,4.0,9216150000,30.07,0.0,16.1,2.1416694379780514,0.31152647975076775,1.5973552384838878,0.0,13.393248575186313,14.143865842894954,11.959053366017766,Germany
1968-10-01,52.29,4.0,9073580000,30.14,0.0,16.19,2.148639681486397,0.3254584197142085,1.6025539656002796,0.2327901563019541,1.0825439783491264,12.066009429918555,11.774051793952083,Germany
1968-11-01,57.62,4.0,10893880000,30.35,0.0,16.23,2.139044481054366,-0.4465709404283702,1.595397425285226,0.6967485069674817,10.193153566647538,17.928776094965194,14.136108058461899,Germany
1968-12-01,54.26,4.0,9949880000,30.42,0.0,16.28,2.140696909927679,0.07725079529430356,1.5966298824843639,0.23064250411861664,-5.8313085734120085,10.127866856099033,12.911155515640788,Germany
1969-01-01,49.56,4.0,8577030000,30.49,0.0,16.33,2.1423417513938996,0.07683672819782661,1.5978566806474936,0.2301117685733045,-8.66199778842609,17.46859445366202,11.129718970712863,Germany
1969-02-01,52.55,4.0,8391610000,30.63,0.0,16.42,2.1443029709435195,0.09154559716459953,1.5993194480876267,0.45916693998031555,6.033091202582708,17.90442001346195,10.889114415109166,Germany
1969-03-01,54.37,4.0,8110110000,30.7,0.0,16.56,2.1576547231270355,0.6226616464389378,1.6092777968949072,0.2285341168788868,3.463368220742158,15.410740819358937,10.523834604935287,Germany
1969-04-01,56.13,4.0,8818500000,30.7,0.0,16.65,2.1693811074918568,0.5434782608695787,1.618023871878032,0.0,3.237079271657173,15.044066407050627,11.443055083546565,Germany
1969-05-01,57.43,4.0,11569940000,30.77,0.0,16.69,2.1696457588560287,0.012199394714840217,1.6182212609967428,0.22801302931596545,2.316052022091575,16.72764227642276,15.013376507719991,Germany
1969-06-01,57.92,4.0,10087200000,30.77,0.0,16.78,2.181345466363341,0.5392450569203122,1.6269474391567011,0.0,0.8532126066515877,9.821767159651106,13.089344586806249,Germany
1969-07-01,50.8,4.0,10103250000,30.77,0.0,16.88,2.1943451413714654,0.5959475566149841,1.6366431926677658,0.0,-12.292817679558022,13.87581259807218,13.110171375272648,Germany
1969-08-01,50.61,4.0,10701240000,30.7,0.0,16.97,2.211074918566775,0.7624040940457322,1.6491210273735857,-0.22749431264218467,-0.3740157480314865,10.938185006576063,13.88613469209637,Germany
1969-09-01,56.42,4.0,12296860000,30.7,0.0,17.01,2.2162866449511403,0.23571007660578847,1.65300817181053,0.0,11.479944674965425,9.066305818673893,15.956641870461008,Germany
1969-10-01,58.7,4.0,10691550000,30.77,0.0,17.11,2.2242443938901526,0.3590577490118818,1.6589434257432154,0.22801302931596545,4.041120170152435,12.25855804169058,13.873560761863388,Germany
1969-11-01,64.22,3.66,8781940000,30.84,-8.499999999999996,17.2,2.0412451361867707,-8.2274797772254,1.5224541908745821,0.22749431264219577,9.403747870528111,11.454356126345022,11.395614124896628,Germany
1969-12-01,59.22,3.66,7033720000,31.05,0.0,17.29,2.038048309178744,-0.1566116166723086,1.5200698507531583,0.6809338521400754,-7.785736530675802,9.14117213416883,9.127090253698832,Germany
1970-01-01,54.68,3.66,7018200000,31.4,0.0,17.34,2.0211592356687897,-0.8286885759228979,1.5074732055539184,1.1272141706924144,-7.666328942924682,10.330912025827278,9.106951203418552,Germany
1970-02-01,58.04,3.66,7184100000,31.47,0.0,17.43,2.0271306005719736,0.29544257561715526,1.5119269232191455,0.22292993630572688,6.14484272128748,10.44719314938154,9.322226231865608,Germany
1970-03-01,60.64,3.66,7362270000,31.61,0.0,17.52,2.028573236317621,0.07116639378048628,1.5130029070869966,0.44486812837623013,4.479669193659541,11.532094905278644,9.553423048130902,Germany
1970-04-01,60.18,3.66,7521380000,31.75,0.0,17.66,2.035766929133858,0.3546183439398609,1.5183682929398705,0.44289781714648147,-0.7585751978891886,7.215392838054502,9.759887242080339,Germany
1970-05-01,65.44,3.66,7851030000,31.75,0.0,17.7,2.0403779527559056,0.22650056625144188,1.5218074057211615,0.0,8.740445330674639,13.947414243426781,10.187647417653409,Germany
1970-06-01,60.7,3.66,8847780000,31.82,0.0,17.79,2.0462413576367062,0.287368566832491,1.5261806018529331,0.2204724409448744,-7.243276283618572,4.799723756906071,11.481049374281524,Germany
1970-07-01,54.81,3.66,10011510000,31.82,0.0,17.89,2.0577435575109995,0.5621135469364935,1.5347594697666653,0.0,-9.703459637561785,7.893700787401592,12.991127788113316,Germany
1970-08-01,52.53,3.66,10275500000,31.82,0.0,17.89,2.0577435575109995,0.0,1.5347594697666653,0.0,-4.159824849480021,3.793716656787205,13.333686285760926,Germany
1970-09-01,59.02,3.66,11332250000,31.82,0.0,17.98,2.068095537397863,0.5030743432085094,1.5424804508890242,0.0,12.354844850561598,4.608294930875578,14.704945395534452,Germany
1970-10-01,61.23,3.66,11917240000,31.96,0.0,18.07,2.0693429286608263,0.06031593997501972,1.543410812471909,0.4399748585795171,3.7444933920704804,4.310051107325363,15.464039662510004,Germany
1970-11-01,64.01,3.66,13594870000,32.1,0.0,18.16,2.0705794392523362,0.05975377857310171,1.5443330587512667,0.43804755944931717,4.54025804344278,-0.3270009342883684,17.640964593032226,Germany
1970-12-01,60.18,3.66,13623720000,32.31,0.0,18.25,2.067316620241411,-0.15757999664592903,1.5418994987690844,0.6542056074766434,-5.983440087486336,1.6210739614994862,17.67840090750298,Germany
1971-01-01,58.37,3.66,14042440000,32.66,0.0,18.25,2.045162278015922,-1.0716472749540351,1.5253757748079957,1.0832559579077472,-3.007643735460286,6.748354059985373,18.221740026920408,Germany
1971-02-01,59.67,3.66,14881860000,32.94,0.0,18.3,2.0333333333333337,-0.578386605783876,1.5165532056386342,0.8573178199632547,2.2271714922049046,2.8084079944865614,19.31098755180907,Germany
1971-03-01,59.47,3.66,15837290000,33.08,0.0,18.34,2.0291535671100367,-0.20556227327690468,1.5134357443936697,0.4250151791135526,-0.33517680576504727,-1.9294195250659674,20.55077188230438,Germany
1971-04-01,62.91,3.66,16765660000,33.29,0.0,18.39,2.0218504055271858,-0.35991172384514103,1.5079887117167339,0.6348246674727998,5.784429123928025,4.536390827517445,21.75544263673111,Germany
1971-05-01,63.04,3.55,19121040000,33.36,-3.0054644808743256,18.48,1.966546762589928,-2.7352984566055283,1.4667407197593605,0.21027335536196734,0.20664441265298983,-3.6674816625916873,24.81182899299169,Germany
1971-06-01,62.32,3.51,16883509999,33.5,-1.1267605633802829,18.62,1.9509313432835822,-0.7940527834578659,1.4550940242480013,0.4196642685851293,-1.1421319796954266,2.6688632619439767,21.908367060403265,Germany
1971-07-01,55.97,3.48,17229660000,33.64,-0.8547008547008492,18.66,1.9303448275862067,-1.0552147705375714,1.439739657178927,0.417910447761205,-10.189345314505783,2.1164021164021163,22.357537954388945,Germany
1971-08-01,51.37,3.42,17027110000,33.64,-1.7241379310344844,18.71,1.9021462544589776,-1.4608049672912626,1.418707868750795,0.0,-8.218688583169554,-2.2082619455549235,22.094705181562233,Germany
1971-09-01,60.12,3.36,17369330000,33.71,-1.7543859649122824,18.71,1.8648946900029666,-1.958396436061971,1.3909239444110486,0.2080856123662267,17.033287911232243,1.8637749915282775,22.538776430719267,Germany
1971-10-01,62.84,3.33,17572280000,33.85,-0.8928571428571371,18.76,1.8455184638109305,-1.0389984107899042,1.3764722667333216,0.4153070305547235,4.52428476380573,2.629430017965051,22.802128251233615,Germany
1971-11-01,64.27,3.33,17793960000,33.92,0.0,18.76,1.8417099056603774,-0.20636792452829456,1.3736316694847563,0.20679468242246202,2.2756206238064847,0.4061865333541581,23.08978447972152,Germany
1971-12-01,57.39,3.47,18725480000,34.06,4.204204204204208,18.85,1.9204198473282443,4.273742646763035,1.4323371519529695,0.4127358490566113,-10.70483896063481,-4.636091724825519,24.298542734688386,Germany
1972-01-01,57.2,3.23,19410670000,34.48,-6.916426512968306,18.85,1.7658207656612532,-8.050275145930962,1.3170300702033642,1.2331180270111375,-0.33106813033628724,-2.0044543429843964,25.187658447416773,Germany
1972-02-01,59.41,3.19,20196930000,34.62,-1.2383900928792582,18.94,1.7451935297515888,-1.1681387098163465,1.3016453321333974,0.40603248259860614,3.863636363636358,-0.43572984749455923,26.2079245346186,Germany
1972-03-01,61.87,3.17,20237420000,34.83,-0.6269592476489034,18.99,1.7283462532299738,-0.9653529098296088,1.2890798610439864,0.60658578856152,4.140717051001519,4.035648225996291,26.26046513679956,Germany
1972-04-01,65.38,3.18,20286150000,34.97,0.3154574132492186,19.03,1.7304947097512156,0.12430706620427667,1.2906822784002803,0.40195233993682855,5.673185711976725,3.92624384040694,26.323698121345824,Germany
1972-05-01,63.75,3.18,20349160000,34.97,0.0,19.08,1.7350414641120961,0.26274303730950965,1.2940734562205647,0.0,-2.493117161211378,1.1262690355329896,26.405461108340695,Germany
1972-06-01,63.04,3.17,23168380000,35.11,-0.3144654088050387,19.12,1.726300199373398,-0.5038072529967796,1.2875538202890193,0.40034315127253084,-1.1137254901960825,1.1553273427471034,30.063735163184052,Germany
1972-07-01,57.07,3.16,25371140000,35.39,-0.3154574132492046,19.22,1.7161684091551286,-0.5869077824324553,1.279997066714737,0.7974935915693537,-9.47017766497462,1.9653385742361973,32.92207887422709,Germany
1972-08-01,53.31,3.19,25138430000,35.39,0.9493670886075887,19.26,1.7360666855043798,1.1594594238596434,1.2948381133298879,0.0,-6.588400210268086,3.7765232626046474,32.62010990575262,Germany
1972-09-01,62.59,3.19,24699430000,35.74,0.0,19.31,1.7235282596530495,-0.7222318103343839,1.2854863805830858,0.9889799378355546,17.40761583192647,4.108449767132405,32.050455068572035,Germany
1972-10-01,64.54,3.21,24435330000,35.88,0.6269592476489034,19.4,1.7356187290969896,0.7014952830755483,1.2945040069074547,0.3917179630665846,3.115513660329139,2.7052832590706677,31.707753832810326,Germany
1972-11-01,68.82,3.2,24108820000,36.09,-0.3115264797507722,19.44,1.7236907730673316,-0.6872451783153877,1.2856075905368838,0.5852842809364489,6.631546327858673,7.079508324257033,31.2840681815852,Germany
1972-12-01,67.25,3.2,23689340000,36.23,0.0,19.49,1.721446315208391,-0.13021232659652382,1.283933570982344,0.3879190911609598,-2.2813135716361455,17.180693500609866,30.73974287156126,Germany
1973-01-01,60.45,3.2,23637820000,36.65,0.0,19.54,1.7060845839017735,-0.8923735332842964,1.2724760876099457,1.1592602815346353,-10.111524163568763,5.681818181818188,30.67288952939374,Germany
1973-02-01,66.22,3.01,29619760000,36.86,-5.937500000000012,19.67,1.6062588171459578,-5.851161642145353,1.1980214548662407,0.5729877216916757,9.545078577336641,11.462716714357857,38.435169840837915,Germany
1973-03-01,65.76,2.83,32292120000,37.14,-5.9800664451827155,19.86,1.5132956381260094,-5.787559142251286,1.1286852546289976,0.7596310363537695,-0.6946541830262665,6.2873767577178,41.9028755371657,Germany
1973-04-01,69.53,2.84,31958010000,37.35,0.3533568904593564,19.99,1.5199892904953143,0.4423228482700159,1.1336776873952763,0.5654281098546043,5.732968369829683,6.347506882838805,41.46932797987548,Germany
1973-05-01,67.65,2.79,31537090000,37.62,-1.760563380281684,20.13,1.4928947368421053,-1.782548983906318,1.113469327297839,0.7228915662650603,-2.7038688335970007,6.117647058823539,40.92313409817606,Germany
1973-06-01,69.14,2.58,33059790000,37.83,-7.526881720430106,20.27,1.3824107850911975,-7.4006525057896955,1.031065331625972,0.5582137161084466,2.2025129342202465,9.67639593908629,42.899018883084636,Germany
1973-07-01,57.59,2.33,35123410000,37.97,-9.689922480620154,20.32,1.2469212536212801,-9.800960245038826,0.9300110283729327,0.37007665873645124,-16.705235753543533,0.9111617312072884,45.57681185598347,Germany
1973-08-01,57.59,2.42,34087210000,37.97,3.8626609442060027,20.68,1.3180300237029232,5.702747456997037,0.983047208643262,0.0,0.0,8.02851247420746,44.23221882116225,Germany
1973-09-01,68.42,2.42,36081610000,37.97,0.0,20.73,1.3212167500658416,0.24177949709867086,0.9854240152405622,0.0,18.80534815072061,9.31458699472758,46.82019059171566,Germany
1973-10-01,67.39,2.41,35799450000,38.25,-0.41322314049585895,20.91,1.3174666666666666,-0.28383559313701623,0.9826270311419896,0.7374242823281474,-1.5054077755042417,4.4158661295320645,46.454054352857185,Germany
1973-11-01,71.86,2.58,34512040000,38.74,7.05394190871369,21.05,1.4018843572534847,6.407576959833383,1.0455896143905383,1.2810457516339913,6.633031607063367,4.417320546352821,44.78348639400832,Germany
1973-12-01,70.5,2.65,33385339999,39.09,2.713178294573637,21.19,1.4365182911230492,2.470527165123504,1.0714211898497668,0.9034589571502272,-1.8925688839409927,4.832713754646845,43.32145881856182,Germany
1974-01-01,61.48,2.81,32224500000,39.37,6.0377358490566095,21.37,1.5252654305308613,6.17793312874777,1.137612874485919,0.7162957278076032,-12.794326241134756,1.7038875103391193,41.81513052557082,Germany
1974-02-01,65.83,2.71,32294420000,39.72,-3.5587188612099676,21.65,1.4771273917421952,-3.1560433892422135,1.1017093185655378,0.8890017780035508,7.0754716981132,-0.5889459377831474,41.9058600613696,Germany
1974-03-01,66.74,2.62,33456960000,39.79,-3.321033210332098,21.92,1.44333752199045,-2.287539310464737,1.076507284816298,0.17623363544814197,1.3823484733404223,1.4902676399026538,43.41439430833068,Germany
1974-04-01,68.55,2.52,34573410000,40.07,-3.8167938931297747,22.01,1.3842076366358873,-4.0967469114929544,1.0324055058735897,0.7036943955767816,2.7120167815403162,-1.4094635409175993,44.863121285483885,Germany
1974-05-01,67.77,2.46,34999230000,40.28,-2.3809523809523827,22.29,1.3613058589870903,-1.6545045008172554,1.0153243103122258,0.524082855003738,-1.1378555798687073,0.17738359201773246,45.415673501356856,Germany
1974-06-01,71.47,2.53,34738790000,40.42,2.8455284552845463,22.47,1.4064596734289954,3.3169485126217424,1.0490020949214143,0.34756703078451245,5.459642909842111,3.3699739658663574,45.07772155193702,Germany
1974-07-01,58.69,2.55,34371380000,40.56,0.7905138339920956,22.65,1.4240014792899405,1.2472313420958336,1.062085577828516,0.3463631865413097,-17.881628655379878,1.910053828789704,44.6009632746511,Germany
1974-08-01,55.39,2.62,33509030000,40.63,2.745098039215698,22.93,1.4786266305685454,3.8360319194221004,1.1028275196055966,0.17258382642997283,-5.622763673538933,-3.8201076575794413,43.481961341068704,Germany
1974-09-01,64.92,2.66,32932910000,40.7,1.5267175572519098,23.21,1.516918918918919,2.5897199170320517,1.1313876635313331,0.17228648781688616,17.2052717096949,-5.115463314820223,42.73437695656648,Germany
1974-10-01,64.92,2.59,32519070000,40.98,-2.6315789473684315,23.43,1.4808125915080528,-2.3802410900510385,1.104457909476192,0.6879606879606648,0.0,-3.6652322303012297,42.197370218938204,Germany
1974-11-01,69.39,2.52,33323460000,41.26,-2.7027027027026964,23.62,1.4426175472612701,-2.5793300560663757,1.0759702946604701,0.683260126891172,6.885397412199623,-3.437239075981069,43.24116214258214,Germany
1974-12-01,63.17,2.46,33169089999,41.33,-2.3809523809523827,23.8,1.4165981127510283,-1.8036266479385499,1.056563807702071,0.1696558410082316,-8.963827640870436,-10.397163120567377,43.040848662433575,Germany
1975-01-01,56.68,2.36,33954210000,41.75,-4.065040650406507,23.89,1.35042874251497,-4.6710051100913645,1.0072116582529314,1.016210984756838,-10.273864176032932,-7.807417046193876,44.059635465023256,Germany
1975-02-01,60.45,2.33,35015680000,41.96,-1.2711864406779578,24.08,1.3371401334604383,-0.9840288966142419,0.9973004044856549,0.5029940119760434,6.65137614678899,-8.172565699529088,45.43701933751089,Germany
1975-03-01,64.14,2.32,35228390000,42.17,-0.42918454935623307,24.17,1.3297225515769504,-0.5547348178303158,0.9917680319036104,0.5004766444232533,6.104218362282876,-3.8957147138147907,45.713035921603556,Germany
1975-04-01,61.03,2.37,34388110000,42.52,2.155172413793115,24.26,1.3522154280338663,1.6915465884399072,1.0085442502125135,0.8299739151055308,-4.848768319301522,-10.970094821298314,44.62267244418648,Germany
1975-05-01,63.89,2.35,34067489999,42.73,-0.8438818565400852,24.4,1.3419143458928156,-0.7617929752531061,1.0008612309620755,0.4938852304797514,4.686219891856469,-5.725247159510105,44.20662976886417,Germany
1975-06-01,62.2,2.34,33503920000,43.08,-0.42553191489362685,24.58,1.335125348189415,-0.5059188557138272,0.9957976852751088,0.8190966534051158,-2.645171388323675,-12.970477123268498,43.47533050685915,Germany
1975-07-01,52.02,2.47,32279920000,43.08,5.5555555555555705,24.86,1.425352831940576,6.75797848295816,1.063093478579796,0.0,-16.36655948553054,-11.364798091668082,41.887044582692795,Germany
1975-08-01,52.92,2.58,32005570000,43.01,4.453441295546553,24.9,1.4936526389211813,4.791782459057314,1.1140346054097652,-0.16248839368616652,1.730103806228378,-4.459288680267193,41.53104274993541,Germany
1975-09-01,60.77,2.62,31599770000,43.22,1.5503875968992262,25.04,1.5179268857010644,1.625160103986123,1.132139451361484,0.48825854452452244,14.833711262282701,-6.392483056069009,41.004468870828624,Germany
1975-10-01,62.78,2.58,32307810000,43.29,-1.5267175572519098,25.18,1.5006791406791407,-1.1362698153908557,1.1192752925075318,0.16196205460434765,3.307553068948499,-3.2963647566235377,41.92323518271322,Germany
1975-11-01,68.94,2.59,31824430000,43.43,0.3875968992247979,25.36,1.5123739350679255,0.7793001229758012,1.1279978062384808,0.32340032340032465,9.812042051608794,-0.6485084306096067,41.29599200458942,Germany
1975-12-01,64.21,2.62,31554580000,43.57,1.158301158301168,25.45,1.5303878815698877,1.1911040043911525,1.1414334332780318,0.3223578171770658,-6.861038584276191,1.6463511160360822,40.94582945831794,Germany
1976-01-01,59.86,2.6,31608800000,43.92,-0.7633587786259549,25.5,1.5095628415300546,-1.3607687495846177,1.1259011638206735,0.8033050263943187,-6.774645693817149,5.610444601270292,41.016186372377014,Germany
1976-02-01,64.98,2.56,32427660000,44.2,-1.5384615384615397,25.59,1.4821357466063347,-1.8168899080690415,1.1054447792003836,0.6375227686703067,8.553291012362196,7.493796526054597,42.07875484612117,Germany
1976-03-01,63.95,2.56,35550100000,44.34,0.0,25.64,1.4803428055931438,-0.12097009449345553,1.104107521606412,0.3167420814479627,-1.585103108648822,-0.2962270034299941,46.13049300057705,Germany
1976-04-01,67.65,2.54,35234950000,44.55,-0.7812500000000007,25.73,1.4669854096520765,-0.9023177530636417,1.0941449634260465,0.47361299052772754,5.785770132916346,10.847124365066364,45.721548303680784,Germany
1976-05-01,67.45,2.56,34313059999,44.62,0.7874015748031503,25.91,1.4865441506051098,1.3332607689446663,1.1087327689787898,0.1571268237934964,-0.2956393200295726,5.572077007356402,44.52528612049614,Germany
1976-06-01,68.68,2.58,34045600000,44.69,0.7812500000000007,26.05,1.5038934884761694,1.1670920008663987,1.121672700436526,0.156880322725228,1.8235730170496733,10.418006430868164,44.178224885455904,Germany
1976-07-01,57.01,2.57,33774790000,44.62,-0.3875968992248151,26.19,1.5084782608695653,0.3048601798283812,1.1250922338481626,-0.15663459386887624,-16.991846243447885,9.592464436755076,43.8268166247341,Germany
1976-08-01,56.49,2.53,35099840000,44.76,-1.5564202334630364,26.32,1.4877033065236818,-1.3772127106364662,1.109597320597222,0.3137606454504782,-0.9121206805823512,6.746031746031744,45.546226970989515,Germany
1976-09-01,66.6,2.49,36016590000,44.83,-1.5810276679841737,26.42,1.467450368057105,-1.3613560162006988,1.09449175071767,0.1563896336014281,17.896972915560273,9.593549448741134,46.73581939009042,Germany
1976-10-01,68.88,2.43,36891540000,44.9,-2.4096385542168695,26.55,1.4368930957683743,-2.082337703127113,1.07170073633486,0.15614543832256356,3.423423423423433,9.716470213443774,47.87117132583336,Germany
1976-11-01,71.73,2.41,35719890000,45.04,-0.8230452674897125,26.6,1.4233126110124337,-0.9451284021013806,1.0615717882902296,0.3118040089086893,4.137630662020908,4.046997389033957,46.35081576778637,Germany
1976-12-01,65.89,2.39,35944770000,45.18,-0.8298755186721999,26.69,1.41188800354139,-0.8026773164692913,1.0530507923475867,0.3108348134991168,-8.141642269622196,2.6164148886466343,46.64262437777536,Germany
1977-01-01,63.37,2.39,35465570000,45.67,0.0,26.83,1.404066126560105,-0.5540012353434265,1.0472168779491873,1.0845506861443255,-3.8245560783123467,5.863681924490471,46.02080524798736,Germany
1977-02-01,66.8,2.4,35623100000,45.88,0.41841004184099523,27.1,1.4176111595466432,0.9647005030826161,1.057319384439129,0.45982045106196523,5.412655830834789,2.800861803631882,46.22521920357063,Germany
1977-03-01,67.52,2.39,35754540000,45.95,-0.4166666666666578,27.29,1.419436343852013,0.12875070099995778,1.058680690558403,0.15257192676547682,1.0778443113772518,5.5824863174354755,46.39577827372784,Germany
1977-04-01,70.5,2.37,35715890000,46.16,-0.836820083682009,27.52,1.4129636048526866,-0.45600769822202736,1.0538530251098666,0.4570184983677672,4.413507109004744,4.212860310421274,46.34562529091001,Germany
1977-05-01,68.1,2.36,35960130000,46.3,-0.421940928270052,27.65,1.4093736501079914,-0.25407269744003314,1.0511754723019164,0.3032928942807711,-3.404255319148941,0.9636767976278549,46.662555808980585,Germany
1977-06-01,69.46,2.35,35452520000,46.51,-0.423728813559313,27.84,1.4066652332831648,-0.19217166608862524,1.0491554108832788,0.453563714902816,1.997063142437594,1.1357018054746426,46.00387131717824,Germany
1977-07-01,58.11,2.28,36400040000,46.44,-2.978723404255331,27.97,1.373204134366925,-2.378753531722788,1.0241985894936323,-0.15050526768436434,-16.340339763892885,1.9294860550780557,47.233391479650535,Germany
1977-08-01,57.01,2.32,36173740000,46.44,1.7543859649122824,28.07,1.40229112833764,2.1181842701139875,1.0458930029110156,0.0,-1.8929616245052516,0.9205169056470064,46.939740250370434,Germany
1977-09-01,67.58,2.32,35809820000,46.51,0.0,28.16,1.4046699634487205,0.16963917570387288,1.0476672471798982,0.15073212747631626,18.540606911068224,1.471471471471486,46.46751066415914,Germany
1977-10-01,69.46,2.28,37039140000,46.51,-1.7241379310344844,28.25,1.3848634702214577,-1.4100460423197347,1.032894656624358,0.0,2.7818881325835987,0.8420441347270602,48.06269992257106,Germany
1977-11-01,72.57,2.24,38249380000,46.58,-1.7543859649122628,28.39,1.3652554744525551,-1.4158793404931869,1.0182701145721558,0.15050526768436434,4.477397063057875,1.1710581346716653,49.633130606282734,Germany
1977-12-01,69.01,2.15,41392160000,46.72,-4.017857142857156,28.48,1.3106164383561643,-4.002110749147536,0.9775178168615065,0.3005581794761625,-4.905608378117665,4.735164668386704,53.71126233565491,Germany
1978-01-01,63.89,2.12,42347140000,47.07,-1.3953488372092933,28.66,1.2908264287231783,-1.509977217881342,0.9627575205261667,0.7491438356164393,-7.419214606578761,0.8205775603598031,54.950462737501624,Germany
1978-02-01,62.19,2.08,43692970000,47.21,-1.8867924528301903,28.85,1.2710866341876723,-1.5292369366059266,0.9480346769123292,0.2974293605268796,-2.6608232900297457,-6.901197604790421,56.69683761112974,Germany
1978-03-01,66.0,2.03,44068470000,47.35,-2.4038461538461666,29.08,1.2467243928194296,-1.916646805417177,0.929864200563042,0.29654734166491004,6.126386878919443,-2.251184834123221,57.18409362789809,Germany
1978-04-01,64.38,2.04,43042990000,47.56,0.4926108374384351,29.3,1.2567703952901599,0.805791763487651,0.9373569697027992,0.4435058078141596,-2.454545454545465,-8.680851063829797,55.853411071105505,Germany
1978-05-01,63.25,2.11,41672670000,47.63,3.4313725490195996,29.58,1.3103884106655468,4.266333419081514,0.9773477433573194,0.14718250630783025,-1.755203479341405,-7.1218795888399296,54.07525750280189,Germany
1978-06-01,64.3,2.08,42359550000,47.77,-1.4218009478672893,29.9,1.3019049612727653,-0.6473996048601105,0.971020397928715,0.2939323955490236,1.6600790513833896,-7.42873596314425,54.96656619201053,Germany
1978-07-01,61.13,2.05,42758080000,47.7,-1.4423076923077043,30.13,1.2948951781970646,-0.5384250989294848,0.9657921803905418,-0.1465354825204157,-4.930015552099521,5.197040096368966,55.48370637939454,Germany
1978-08-01,59.78,2.0,44864120000,47.63,-2.439024390243894,30.27,1.271047659038421,-1.8416563410057263,0.948005607459442,-0.14675052410901834,-2.2084083101586827,4.858796702332935,58.216544359567166,Germany
1978-09-01,69.04,1.97,46594860000,47.56,-1.5000000000000013,30.5,1.2633515559293524,-0.6054928825320993,0.9422655009802698,-0.1469661977745118,15.490130478420895,2.160402485942603,60.462385846815266,Germany
1978-10-01,71.65,1.84,52053030000,47.63,-6.5989847715735985,30.77,1.1886794037371404,-5.910639191581268,0.8865715869905805,0.14718250630783025,3.7804171494785654,3.1528937517996125,67.5450121398766,Germany
1978-11-01,70.1,1.9,54347840000,47.77,3.2608695652173822,30.91,1.2294117647058822,3.4266902278849543,0.9169516489251913,0.2939323955490236,-2.163293789253329,-3.4036103072895174,70.5228017000369,Germany
1978-12-01,68.76,1.88,57817580000,47.91,-1.0526315789473695,31.05,1.2184095178459613,-0.8949196010461957,0.9087456688868434,0.2930709650408092,-1.9115549215406369,-0.3622663382118585,75.02520300928278,Germany
1979-01-01,64.8,1.85,55912030000,48.39,-1.5957446808510536,31.32,1.1973961562306261,-1.7246550775871228,0.8930729405660334,1.0018785222291937,-5.759162303664933,1.4243230552511976,72.55252470634552,Germany
1979-02-01,64.52,1.86,53936260000,48.53,0.540540540540541,31.69,1.2145765505872657,1.4348128868830745,0.9058868662065404,0.2893159743748708,-0.43209876543209846,3.746583051937602,69.98872758184376,Germany
1979-03-01,70.81,1.86,56185950000,48.81,0.0,32.01,1.2198033189920097,0.430336680073129,0.9097852296717922,0.5769627034823754,9.748915065096098,7.287878787878799,72.9079685628387,Germany
1979-04-01,68.26,1.89,55139120000,49.02,1.612903225806441,32.38,1.2484332925336596,2.3470975276004724,0.9311387763038931,0.4302397049784856,-3.6011862731252564,6.026716371543972,71.54958183571856,Germany
1979-05-01,68.19,1.91,52425450000,49.16,1.0582010582010593,32.79,1.273980878763222,2.0463717510860624,0.9501933371855844,0.2855977152182554,-0.10254907705832261,7.810276679841888,68.02827148945016,Germany
1979-06-01,68.76,1.88,54558650000,49.44,-1.5706806282722525,33.16,1.2609385113268607,-1.023749072986313,0.9404657417045693,0.5695687550854478,0.8358996920369677,6.93623639191292,70.79635280761329,Germany
1979-07-01,65.86,1.82,56255560000,49.72,-3.191489361702119,33.52,1.2269991954947708,-2.6915916618627467,0.9151522442181735,0.5663430420711935,-4.217568353694013,7.737608375592986,72.99829583667957,Germany
1979-08-01,62.26,1.83,54931730000,49.79,0.5494505494505499,33.84,1.2437678248644308,1.3666373565060397,0.9276590566565625,0.14078841512470408,-5.466140297600974,4.148544663767151,71.28046858587145,Germany
1979-09-01,70.46,1.8,60209540000,50.0,-1.6393442622950833,34.21,1.23156,-0.9815195907452834,0.9185539012801553,0.421771440048202,13.170575008030827,2.0567786790266274,78.12905627657769,Germany
1979-10-01,74.76,1.79,60043260000,50.07,-0.555555555555556,34.49,1.2330157779109248,0.11820600790255487,0.9196396871772918,0.14000000000000679,6.102753335225675,4.340544312630845,77.91328815282736,Germany
1979-11-01,73.78,1.77,57176680000,50.35,-1.1173184357541908,34.81,1.223708043694141,-0.7548755160743936,0.9126975523426873,0.5592170960655007,-1.310861423220977,5.249643366619128,74.19355885176789,Germany
1979-12-01,71.52,1.73,60455860000,50.49,-2.25988700564972,35.17,1.2050722915428798,-1.5228920204694796,0.8987981541470403,0.2780536246276055,-3.063160748170246,4.013961605584626,78.44868584262397,Germany
1980-01-01,68.48,1.72,59544210000,50.77,-0.5780346820809253,35.68,1.2087768367145952,0.30741269197820387,0.9015611737481543,0.5545652604476148,-4.250559284116317,5.679012345679024,77.26571128154042,Germany
1980-02-01,68.69,1.75,56843960000,51.4,1.7441860465116297,36.18,1.2318093385214008,1.9054387135186257,0.9187398693788044,1.2408902895410634,0.3066588785046731,6.463112213267208,73.76181498519222,Germany
1980-03-01,73.7,1.85,53350780000,51.61,5.71428571428572,36.73,1.3166149970935865,6.8846416340683,0.9819918169348423,0.40856031128404524,7.293638084146181,4.08134444287529,69.22899748145086,Germany
1980-04-01,69.68,1.87,56061380000,51.89,1.081081081081082,37.15,1.3388032376180383,1.6852489583843555,0.9985408238011563,0.5425305173416106,-5.454545454545445,2.0802812774685098,72.74632413671665,Germany
1980-05-01,67.98,1.79,56035380000,52.17,-4.278074866310163,37.51,1.28700210849147,-3.869211521980742,0.9599051671949606,0.5396030063596013,-2.4397244546498276,-0.30796304443465594,72.7125860370203,Germany
1980-06-01,67.7,1.77,57533270000,52.31,-1.1173184357541908,37.93,1.2834276428981075,-0.2777357993260954,0.9572391669060791,0.26835345984281833,-0.41188584877905887,-1.5415939499709208,74.65627688910325,Germany
1980-07-01,65.37,1.75,58834210000,52.38,-1.12994350282486,37.93,1.267229858724704,-1.2620722533938422,0.9451581169819392,0.13381762569297795,-3.4416543574593783,-0.7440024293956848,76.3444016359864,Germany
1980-08-01,61.13,1.79,58822210000,52.45,2.285714285714288,38.2,1.303679694947569,2.876339755720947,0.9723440756551143,0.1336387934326,-6.4861557289276455,-1.8149694828139995,76.32883020535732,Germany
1980-09-01,69.11,1.79,57012750000,52.45,0.0,38.52,1.314600571973308,0.8376963350785527,0.9804893663412305,0.0,13.05414690004907,-1.9159806982685157,73.98084013318244,Germany
1980-10-01,73.42,1.84,54912830000,52.52,2.793296089385477,38.89,1.3624828636709825,3.642345265817104,1.0162021743580005,0.13346043851287792,6.236434669367674,-1.7924023542001066,71.25594358263065,Germany
1980-11-01,71.16,1.92,55719790000,52.87,4.3478260869565135,39.21,1.4239303953092493,4.509967301365303,1.0620325601373095,0.6664127951256482,-3.0781803323345236,-3.551097858498242,72.30307038766763,Germany
1980-12-01,67.49,1.97,55580190000,53.29,2.604166666666669,39.58,1.4631750797522987,2.7560816576660097,1.0913030447256946,0.7944013618309098,-5.157391793142219,-5.634787472035796,72.12192274468265,Germany
1981-01-01,64.24,2.01,55613730000,53.78,2.0304568527918687,39.9,1.4912420974339902,1.918226880028806,1.1122367130721957,0.9194970913867451,-4.815528226403909,-6.191588785046742,72.16544489329092,Germany
1981-02-01,66.36,2.14,53824830000,54.2,6.467661691542307,40.31,1.5915756457564576,6.7281864222525245,1.1870700725844268,0.7809594644849316,3.3001245330012585,-3.3920512447226603,69.84413387226056,Germany
1981-03-01,71.87,2.11,56614520000,54.62,-1.4018691588785164,40.59,1.5680135481508606,-1.4804258703266515,1.1694963801309817,0.7749077490774914,8.30319469559977,-2.4830393487109914,73.46408923156417,Germany
1981-04-01,67.56,2.16,55790850000,54.9,2.36966824644551,40.86,1.6076065573770493,2.525042546531586,1.1990266613094356,0.5126327352618087,-5.9969389174899135,-3.042479908151552,72.39527920937618,Germany
1981-05-01,66.28,2.29,56030670000,55.18,6.018518518518514,41.18,1.708992388546575,6.306632098773313,1.2746448616044266,0.5100182149362587,-1.8946121965660145,-2.500735510444252,72.70647425049839,Germany
1981-06-01,65.93,2.38,54373610000,55.39,3.9301310043668063,41.55,1.7853222603358005,4.466366983304182,1.3315751788575099,0.3805726712577062,-0.5280627640313784,-2.6144756277695635,70.55624134731285,Germany
1981-07-01,64.17,2.44,52956300000,55.74,2.521008403361347,42.01,1.8389738069608896,3.005146343439291,1.3715909616550916,0.6318830113738905,-2.669497952373734,-1.8357044515832976,68.71711265190416,Germany
1981-08-01,59.86,2.5,51573850000,55.88,2.4590163934426252,42.33,1.8937902648532567,2.980817762867294,1.4124755886739888,0.25116612845352826,-6.716534206015279,-2.077539669556683,66.92321896247299,Germany
1981-09-01,70.17,2.36,53049380000,56.16,-5.600000000000005,42.74,1.7960541310541311,-5.160874232643642,1.3395794999757313,0.501073729420165,17.223521550283994,1.5337867168282449,68.83789504881709,Germany
1981-10-01,73.92,2.25,50319090000,56.44,-4.661016949152538,42.83,1.7074326718639263,-4.934230970989251,1.273481553406906,0.4985754985755042,5.344164172723387,0.6810133478616143,65.29501827112742,Germany
1981-11-01,71.16,2.22,50850370000,56.72,-1.3333333333333246,42.97,1.6818300423131172,-1.4994810614031406,1.2543859386931069,0.49610205527994555,-3.7337662337662447,0.0,65.98441740984563,Germany
1981-12-01,67.35,2.26,49790300000,56.86,1.8018018018017834,43.11,1.7134822370735137,1.8820091188800125,1.2779935964452598,0.24682651622003338,-5.354131534569984,-0.20743813898355112,64.60885020426474,Germany
1982-01-01,63.95,2.29,47535810000,57.35,1.3274336283185952,43.25,1.7269834350479514,0.7879391850303952,1.2880634087738312,0.8617657404150547,-5.0482553823310905,-0.45143212951430645,61.68338065101816,Germany
1982-02-01,64.73,2.37,46835950000,57.42,3.493449781659392,43.38,1.7905015673981193,3.677981563755073,1.335438143478008,0.12205754141239034,1.2197028928850662,-2.4562989752863085,60.77522886434572,Germany
1982-03-01,72.01,2.38,46847460000,57.42,0.42194092827003316,43.34,1.7963984674329503,0.32934347236568406,1.3398363218310343,0.0,11.246717132705086,0.19479615973285735,60.79016446155745,Germany
1982-04-01,67.63,2.4,47808290000,57.63,0.8403361344537823,43.52,1.8123893805309734,0.8901651492095874,1.3517630778244258,0.3657262277952045,-6.082488543257892,0.1036116044996982,62.03695593583585,Germany
1982-05-01,65.86,2.31,48338140000,58.05,-3.7499999999999942,43.93,1.7481188630490958,-3.5461760134043785,1.3038271798005592,0.7287870900572591,-2.6171817240869366,-0.6336753168376563,62.72449947907076,Germany
1982-06-01,65.23,2.43,47368400000,58.68,5.194805194805199,44.48,1.8419631901840492,5.368303558676124,1.3738205806927792,1.0852713178294726,-0.9565745520801583,-1.0617321401486413,61.466146217550275,Germany
1982-07-01,59.93,2.46,46570580000,58.74,1.2345679012345598,44.71,1.8724310520939733,1.6540972193304082,1.3965449087166075,0.10224948875257045,-8.125095814809146,-6.607448963690199,60.43087965217576,Germany
1982-08-01,57.59,2.48,46047700000,58.68,0.8130081300813016,44.81,1.8938104976141787,1.1418014829596146,1.4124906791945309,-0.10214504596527396,-3.90455531453362,-3.79218175743401,59.752380514897894,Germany
1982-09-01,66.78,2.5,45931150000,58.88,0.8064516129032264,44.9,1.9064198369565215,0.6658184310535775,1.421895302473522,0.3408316291751978,15.957631533252293,-4.831124412141941,59.60114299491295,Germany
1982-10-01,68.83,2.53,47259080000,59.16,1.1999999999999922,45.03,1.9257251521298173,1.0126476235222004,1.4362940914629936,0.47554347826086474,3.0697813716681566,-6.885822510822514,61.32429048451934,Germany
1982-11-01,66.64,2.56,48953340000,59.3,1.1857707509881523,44.94,1.9400741989881958,0.7451243414725361,1.4469962683536164,0.23664638269100813,-3.181752142960914,-6.351883080382237,63.52279482265503,Germany
1982-12-01,63.39,2.42,50522150000,59.44,-5.468750000000004,44.76,1.8223283983849259,-6.069139039356209,1.3591760529329395,0.23608768971332683,-4.876950780312129,-5.879732739420929,65.55851282975587,Germany
1983-01-01,61.48,2.39,51755840000,59.72,-1.2396694214875952,44.85,1.7949012056262559,-1.5050631259973746,1.3387195953428592,0.4710632570659401,-3.0130935478782206,-3.8623924941360577,67.1593726841552,Germany
1983-02-01,62.04,2.43,53547540000,59.72,1.673640167364018,44.9,1.826975887474883,1.7869887071269686,1.362642363331732,0.0,0.9108653220559537,-4.155723775683617,69.48431703899904,Germany
1983-03-01,69.46,2.41,55499250000,59.72,-0.8230452674897125,44.9,1.8119390488948428,-0.8230452674897082,1.3514271998475202,0.0,11.960025789813011,-3.5411748368282314,72.0168934450895,Germany
1983-04-01,65.3,2.44,51105720000,59.86,1.2448132780082906,45.22,1.8432475776812562,1.7279018742661023,1.3747785357630276,0.23442732752847473,-5.989058450906992,-3.445216619843261,66.31576447744031,Germany
1983-05-01,64.17,2.47,50374320000,60.0,1.2295081967213217,45.49,1.8726716666666667,1.5963177894108505,1.3967243700944147,0.23387905111929008,-1.7304747320061153,-2.5660491952626763,65.36668578059776,Germany
1983-06-01,66.71,2.55,49287580000,60.21,3.2388663967611184,45.63,1.932511210762332,3.1954103413215362,1.4413554450561699,0.35000000000000586,3.95823593579554,2.268894680361777,63.956511070443725,Germany
1983-07-01,60.35,2.59,49466240000,60.42,1.5686274509803935,45.81,1.963718967229394,1.6148810052569518,1.4646316203566188,0.34877927254608476,-9.533803028031773,0.7008176205573147,64.18834372012637,Germany
1983-08-01,58.3,2.67,47893390000,60.63,3.0888030888030915,45.95,2.0235279564571993,3.045700032738874,1.5092399060973245,0.34756703078451245,-3.396851698425851,1.2328529258551768,62.14738333138041,Germany
1983-09-01,68.9,2.67,48442090000,60.77,0.0,46.18,2.0289715320059236,0.2690141014041192,1.5132999742687443,0.2309087910275398,18.181818181818187,3.1746031746031855,62.85938699689518,Germany
1983-10-01,71.59,2.6,49711970000,60.77,-2.6217228464419415,46.32,1.9817673194010201,-2.326509360051765,1.4780929087217212,0.0,3.9042089985486195,4.009879413046646,64.5072076908334,Germany
1983-11-01,71.09,2.68,49293550000,60.91,3.0769230769230793,46.41,2.0420095222459365,3.039822195832964,1.5230243050360772,0.23037683067301806,-0.6984215672580008,6.677671068427382,63.96425785718169,Germany
1983-12-01,68.41,2.75,47700290000,61.05,2.6119402985074567,46.46,2.092792792792793,2.4869262358288013,1.5609007960560686,0.22984731571171757,-3.7698691799127992,7.9192301624861905,61.896813060174104,Germany
1984-01-01,65.23,2.81,47094790000,61.26,2.181818181818184,46.73,2.1435079986940906,2.4233266702729406,1.5987265213433979,0.3439803439803546,-4.648443210056996,6.099544567338988,61.11110462301501,Germany
1984-02-01,67.0,2.7,50393580000,61.47,-3.9145907473309567,46.96,2.062664714494876,-3.7715410555252182,1.5384298942253616,0.342801175318308,2.7134753947570145,7.994842037395222,65.39167792675744,Germany
1984-03-01,71.24,2.6,51636380000,61.54,-3.703703703703707,47.05,1.987812804679883,-3.6288936970215846,1.4826019087607214,0.11387668781519533,6.328358208955209,2.5626259717823174,67.0043590922427,Germany
1984-04-01,66.57,2.64,51257630000,61.61,1.5384615384615397,47.28,2.025956825190716,1.9188939934902782,1.5110514677353033,0.11374715632108678,-6.55530600786075,1.9448698315466917,66.51288581301229,Germany
1984-05-01,66.71,2.75,49887800000,61.68,4.166666666666662,47.42,2.1142185473411157,4.356545068135453,1.576881105929914,0.11361791916897346,0.2103049421661396,3.95823593579554,64.73536807812602,Germany
1984-06-01,59.93,2.74,49146120000,61.89,-0.3636363636363559,47.56,2.105580869284214,-0.40855180595045226,1.5704387296939457,0.3404669260700377,-10.16339379403387,-10.16339379403387,63.77294985571124,Germany
1984-07-01,64.66,2.85,48302940000,61.82,4.014598540145981,47.74,2.200889679715303,4.526485390394375,1.641524409358637,-0.11310389400549514,7.892541298181199,7.141673570836771,62.678823282558795,Germany
1984-08-01,60.78,2.89,48419860000,61.68,1.4035087719298258,47.92,2.2452788586251624,2.0168743267314326,1.6746318937380211,-0.22646392753153943,-6.000618620476327,4.253859348198974,62.83054092165481,Germany
1984-09-01,70.39,3.02,45397070000,61.75,4.498269896193768,48.15,2.3548663967611336,4.880798557158927,1.7563673030453097,0.11348897535667923,15.811122079631446,2.1625544267053654,58.90811052238127,Germany
1984-10-01,75.61,3.07,45579020000,62.1,1.655629139072842,48.29,2.387283413848631,1.3765968690233832,1.7805454003475818,0.5668016194332104,7.4158261116635815,5.615309400754298,59.144212339294725,Germany
1984-11-01,73.42,2.99,45074780000,62.17,-2.6058631921823983,48.29,2.32245616857005,-2.7155236325321908,1.7321942692131782,0.11272141706923922,-2.8964422695410663,3.277535518357011,58.4899008242607,Germany
1984-12-01,70.1,3.1,44489330000,62.24,3.678929765886283,48.29,2.405189588688946,3.5623242857511173,1.7939006463417484,0.11259449895448803,-4.5219286298011525,2.470399064464246,57.73020965244437,Germany
1985-01-01,67.41,3.17,43515230000,62.59,2.2580645161290267,48.38,2.450305160568781,1.8757594865703497,1.8275499078951505,0.5623393316195324,-3.837375178316682,3.3420205426950567,56.46619877112865,Germany
1985-02-01,67.98,3.29,42160450000,62.87,3.78548895899054,48.61,2.5437712740575793,3.8144682953327402,1.8972612197131937,0.44735580763699545,0.8455718736092743,1.4626865671641953,54.708210205489685,Germany
1985-03-01,74.48,3.31,41586960000,63.08,0.6079027355623106,48.79,2.560160114140774,0.6442733374000476,1.9094847678926368,0.33402258628916215,9.561635775228016,4.548006737787769,53.96403855953367,Germany
1985-04-01,70.03,3.08,42325950000,63.15,-6.948640483383685,49.02,2.3908408551068887,-6.613619909890334,1.7831987031069663,0.110970196575777,-5.97475832438239,5.197536427820348,54.9229661862491,Germany
1985-05-01,69.39,3.11,43260470000,63.15,0.9740259740259676,49.21,2.4234853523357085,1.3653981677237192,1.807546465526062,0.0,-0.9138940454091138,4.017388697346735,56.13561729887324,Germany
1985-06-01,69.96,3.06,43943810000,63.15,-1.6077170418006375,49.35,2.391306413301663,-1.3277958954046154,1.7835459377492757,0.0,0.8214440121054878,16.736192224261636,57.022332416046304,Germany
1985-07-01,68.76,2.92,45974810000,63.15,-4.575163398692815,49.44,2.286061757719715,-4.401136341061251,1.7050496493234708,0.0,-1.715265866209248,6.340859882462113,59.657797050018424,Germany
1985-08-01,62.76,2.79,46910080000,62.94,-4.452054794520544,49.53,2.195562440419447,-3.958743327675396,1.637551110097325,-0.3325415676959653,-8.726003490401402,3.257650542941759,60.871421377056876,Germany
1985-09-01,73.14,2.84,47908770000,63.01,1.7921146953404954,49.67,2.238736708458975,1.9664331674065227,1.6697524582595125,0.11121703209406864,16.539196940726587,3.906804943884068,62.167340714970024,Germany
1985-10-01,79.0,2.64,46237840000,63.08,-7.042253521126751,49.85,2.0863031071655045,-6.808911504309833,1.5560604910355844,0.11109347722584317,8.012031719989054,4.483533924084115,59.999109833215705,Germany
1985-11-01,77.03,2.59,49819230000,63.15,-1.893939393939404,49.99,2.0502628661916074,-1.7274690743696475,1.5291800272744602,0.110970196575777,-2.4936708860759493,4.916916371560887,64.646390328273,Germany
1985-12-01,70.59,2.51,49941950000,63.22,-3.0888030888030915,50.12,1.9898956026573866,-2.9443670140870126,1.484155354965384,0.11084718923197734,-8.360379073088408,0.6990014265335409,64.80563415883975,Germany
1986-01-01,69.26,2.44,50837780000,63.43,-2.7888446215139377,50.26,1.9333816805927793,-2.8400445726467494,1.4420046813570437,0.33217336285986665,-1.8841195636775776,2.744399940661646,65.9680803838773,Germany
1986-02-01,70.39,2.33,52879010000,63.36,-4.508196721311471,50.12,1.8431123737373736,-4.668985320463415,1.3746776944640882,-0.11035787482264192,1.6315333525844578,3.5451603412768318,68.6168196624607,Germany
1986-03-01,75.33,2.26,51391910000,63.15,-3.0042918454935745,49.9,1.7858115597783055,-3.108915917203481,1.3319401208106483,-0.33143939393939226,7.018042335559027,1.141245972073035,66.68713012175172,Germany
1986-04-01,74.06,2.27,51890730000,63.15,0.4424778761062049,49.8,1.7901187648456056,0.2411903452923525,1.335152631787119,0.0,-1.6859153059869847,5.7546765671854905,67.33440854061827,Germany
1986-05-01,69.82,2.23,49154430000,63.15,-1.7621145374449354,49.94,1.7635186064924782,-1.4859437751003957,1.315313014366989,0.0,-5.725087766675685,0.6196858336936062,63.783733071421864,Germany
1986-06-01,72.08,2.24,50858590000,63.15,0.448430493273553,50.22,1.7813586698337294,1.011617528478137,1.3286189513746796,0.0,3.236894872529361,3.0303030303030276,65.99508383982655,Germany
1986-07-01,70.17,2.15,51884570000,62.94,-4.017857142857156,50.22,1.715490943755958,-3.697611670979173,1.2794917819658083,-0.3325415676959653,-2.649833518312983,2.050610820244314,67.32641520622867,Germany
1986-08-01,63.95,2.06,53410930000,62.73,-4.186046511627901,50.31,1.6521377331420375,-3.693007581562202,1.2322400534523457,-0.3336510962821726,-8.864186974490519,1.8961121733588326,69.30704927747912,Germany
1986-09-01,74.41,2.04,55748310000,62.8,-0.9708737864077678,50.54,1.6417452229299363,-0.6290341297596758,1.2244888429555616,0.11158935118762425,16.356528537920244,1.736395952966907,72.34007848779609,Germany
1986-10-01,79.15,2.0,59466200000,62.59,-1.960784313725492,50.58,1.616232625019971,-1.5539925168434054,1.2054603779664497,-0.3343949044585903,6.3701115441473055,0.18987341772152,77.16448400625919,Germany
1986-11-01,76.11,2.03,58521120000,62.52,1.4999999999999902,50.63,1.6439363403710812,1.7140920757473088,1.2261230787814463,-0.11183895190924886,-3.8408085912823853,-1.19433986758406,75.93813003468148,Germany
1986-12-01,71.44,1.99,58787820000,62.59,-1.9704433497536855,50.68,1.61133088352772,-1.983377095733596,1.2018044344713914,0.11196417146512871,-6.135855997897776,1.204136563252578,76.28420508041282,Germany
1987-01-01,67.63,1.86,69839380000,62.94,-6.5326633165829096,51.0,1.507149666348904,-6.465538409512139,1.1241013071534234,0.5591947595462443,-5.333146696528557,-2.3534507652324677,90.62492173734084,Germany
1987-02-01,70.39,1.83,69917860000,63.01,-1.6129032258064528,51.18,1.4864212029836537,-1.375342066422991,1.1086410690069317,0.11121703209406864,4.081029129084723,0.0,90.72675889365505,Germany
1987-03-01,76.11,1.83,68020770000,63.01,0.0,51.41,1.4931010950642756,0.4493942946463214,1.113623238719155,0.0,8.126154283278876,1.0354440461967318,88.2650584493113,Germany
1987-04-01,72.93,1.81,69668250000,63.15,-1.0928961748633887,51.68,1.4812478226444974,-0.7938693809120712,1.1047825248082421,0.22218695445168635,-4.178163184864003,-1.5257899000810093,90.40286016037795,Germany
1987-05-01,71.8,1.79,70922060000,63.15,-1.1049723756906087,51.87,1.4702660332541568,-0.7413877153071291,1.096591802888454,0.0,-1.5494309611956747,2.8358636493841294,92.02982811346538,Germany
1987-06-01,71.59,1.82,69771520000,63.22,1.6759776536312863,52.05,1.4984340398608036,1.915844205711692,1.1176007934044017,0.11084718923197734,-0.29247910863509086,-0.6798002219755794,90.53686529713339,Germany
1987-07-01,68.41,1.85,68277690000,63.22,1.6483516483516498,52.19,1.5272303068649162,1.9217573972617252,1.1390783693235065,0.0,-4.441961167760866,-2.5081943850648547,88.59844277907993,Germany
1987-08-01,64.94,1.86,69364290000,63.15,0.540540540540541,52.46,1.5451401425178148,1.17270038267272,1.1524363457195055,-0.11072445428661482,-5.072357842420693,1.5480844409694994,90.0084358225433,Germany
1987-09-01,74.91,1.81,70996100000,63.08,-2.6881720430107547,52.74,1.5133069118579583,-2.0602164026354397,1.1286936630950597,-0.11084718923198844,15.35263319987681,0.6719526945303089,92.12590384044682,Germany
1987-10-01,80.0,1.8,74568190000,63.15,-0.5524861878453043,52.88,1.507268408551069,-0.3990270089677672,1.1241898705308029,0.110970196575777,6.794820451208117,1.073910296904601,96.76111647676659,Germany
1987-11-01,77.81,1.68,84675870000,63.15,-6.666666666666672,52.92,1.4078479809976248,-6.596066565809389,1.0500375583445047,0.0,-2.7374999999999927,2.2336092497700744,109.8770363051798,Germany
1987-12-01,73.0,1.63,87412650000,63.22,-2.976190476190479,52.92,1.3644353052831382,-3.0836195598138105,1.0176583948100022,0.11084718923197734,-6.181724714047043,2.183650615901467,113.42833463160136,Germany
1988-01-01,69.68,1.65,84552230000,63.5,1.2269938650306762,53.06,1.378724409448819,1.0472540625673377,1.0283158636927077,0.44289781714648147,-4.547945205479442,3.0311991719651266,109.71659866493148,Germany
1988-02-01,72.29,1.7,81428680000,63.64,3.030303030303033,53.2,1.4211187932118166,3.0748990496183293,1.0599355384124691,0.2204724409448744,3.745694603903549,2.6992470521380874,105.66342015314243,Germany
1988-03-01,79.07,1.68,81194710000,63.64,-1.176470588235295,53.43,1.4104714016341924,-0.7492260061919498,1.0519942257098123,0.0,9.378890579609877,3.88910787018788,105.35981618445189,Germany
1988-04-01,73.78,1.67,81937110000,63.78,-0.5952380952380958,53.7,1.4060677328316087,-0.31221255514159996,1.0487097676577815,0.21998742928974746,-6.690274440369281,1.1655011655011593,106.32316869270444,Germany
1988-05-01,72.79,1.69,79187190000,63.92,1.1976047904191627,53.89,1.424813829787234,1.333228586212809,1.062691466066601,0.21950454687988952,-1.3418270534020005,1.3788300835654743,102.75481964974402,Germany
1988-06-01,75.4,1.76,72312870000,63.99,4.14201183431953,54.11,1.4882575402406626,4.452771943047651,1.1100106935087763,0.10951188986232374,3.585657370517925,5.321972342505932,93.83456989956817,Germany
1988-07-01,69.46,1.84,68637039999,63.99,4.545454545454549,54.34,1.56251914361619,4.989835520236552,1.1653984013719012,0.0,-7.8779840848806515,1.5348633240754195,89.06474224416236,Germany
1988-08-01,69.26,1.89,66341420000,63.92,2.7173913043478164,54.57,1.6135372340425531,3.265117783343774,1.2034500318218992,-0.1093920925144598,-0.28793550244743393,6.652294425623673,86.08590161373225,Germany
1988-09-01,78.65,1.87,65277560000,63.99,-1.0582010582010475,54.94,1.6055289889045163,-0.49631610408970017,1.1974771155092945,0.10951188986232374,13.557609009529315,4.992657856093996,84.70541643131098,Germany
1988-10-01,82.54,1.82,67768720000,64.06,-2.6737967914438525,55.12,1.5660068685607242,-2.4616260819282254,1.167999706508796,0.1093920925144598,4.945963127781305,3.1750000000000167,87.93799352513962,Germany
1988-11-01,80.98,1.75,69548800000,64.27,-3.8461538461538494,55.17,1.5022172086510037,-4.073395921203582,1.120422454104197,0.32781767093348346,-1.8899927307971964,4.074026474746173,90.24785954465763,Germany
1988-12-01,76.89,1.76,66217280000,64.41,0.571428571428572,55.26,1.5099767116907312,0.5165366895707235,1.1262098471578337,0.2178310253617477,-5.0506297851321325,5.32876712328767,85.92481516387438,Germany
1989-01-01,74.13,1.83,62282520000,64.97,3.9772727272727306,55.54,1.5643866399876867,3.603362083381567,1.1667912657696284,0.8694302126998954,-3.589543503706605,6.386337543053955,80.8189949653672,Germany
1989-02-01,74.76,1.85,63127140000,65.18,1.0928961748633887,55.77,1.5829165388155875,1.184483321082741,1.1806117137045198,0.32322610435586707,0.8498583569405138,3.4167934707428405,81.91499011019512,Germany
1989-03-01,81.9,1.87,62203570000,65.25,1.081081081081082,56.09,1.6074835249042148,1.5520076697795648,1.19893489805153,0.10739490641300531,9.550561797752799,3.579107120273184,80.71654792802002,Germany
1989-04-01,79.78,1.87,63627840000,65.67,0.0,56.45,1.607453936348409,-0.0018406755246558326,1.198912829550305,0.6436781609195474,-2.5885225885225904,8.132285172133379,82.56470805319357,Germany
1989-05-01,73.99,1.95,62246100000,65.74,4.278074866310152,56.77,1.68392911469425,4.757534671230879,1.255951523093996,0.10659357393023594,-7.257458009526207,1.6485781013875433,80.77173567340793,Germany
1989-06-01,79.85,1.98,62791910000,65.81,1.5384615384615399,56.91,1.7122291445069138,1.6805950776498157,1.2770589825687815,0.10648007301492513,7.9199891877280715,5.901856763925717,81.47998921937952,Germany
1989-07-01,74.7,1.89,64246320000,65.74,-4.545454545454549,57.05,1.640165804685123,-4.208743908663193,1.2233108404298818,-0.10636681355418176,-6.449592986850339,7.5439101641232575,83.36725958781645,Germany
1989-08-01,71.65,1.93,63868910000,65.74,2.1164021164021185,57.14,1.6775205354426528,2.277497229293912,1.2511717109263243,0.0,-4.08299866131191,3.450765232457398,82.87752511833962,Germany
1989-09-01,81.98,1.95,65039470000,65.81,1.0362694300518145,57.32,1.6984348883148457,1.246741987970612,1.266770593988053,0.10648007301492513,14.417306350314018,4.233947870311505,84.3964662714378,Germany
1989-10-01,87.27,1.87,66984020000,66.02,-4.102564102564095,57.6,1.6315056043623146,-3.9406446731047207,1.2168516660556057,0.3191004406625009,6.452793364235165,5.730554882481198,86.91975172391957,Germany
1989-11-01,84.73,1.83,67299950000,66.16,-2.1390374331550817,57.74,1.5971009673518743,-2.1087660942413766,1.1911911107046138,0.21205695243866618,-2.9105076200297786,4.630773030377866,87.32970856380673,Germany
1989-12-01,80.42,1.74,68770870000,66.37,-4.91803278688525,57.83,1.5161096881120986,-5.071143333790973,1.1307841021014062,0.317412333736411,-5.086746134781073,4.590974118871105,89.23840262555083,Germany
1990-01-01,78.37,1.69,68950370000,66.72,-2.8735632183908075,58.43,1.4800164868105516,-2.3806457794284808,1.103864138100281,0.5273466927828707,-2.5491171350410347,5.71968164036154,89.47132527537751,Germany
1990-02-01,78.59,1.68,69982790000,67.0,-0.5917159763313614,58.7,1.4718805970149254,-0.5497161597948996,1.097796018550963,0.4196642685851293,0.2807196631364084,5.123060460139106,90.81101330955057,Germany
1990-03-01,87.13,1.7,69567700000,67.0,1.1904761904761916,59.02,1.4975223880597015,1.7421108136610686,1.11692084170208,0.0,10.86652245832802,6.385836385836363,90.27238454789843,Germany
1990-04-01,79.78,1.69,69701980000,67.14,-0.5882352941176475,59.11,1.4878745904081023,-0.6442506455011654,1.1097250719696772,0.2089552238806025,-8.43567083668082,0.0,90.44662885663786,Germany
1990-05-01,81.27,1.66,70727720000,67.28,-1.7751479289940846,59.25,1.4618757431629013,-1.747381628317879,1.0903339399372418,0.2085195114685634,1.8676359989972413,9.839167455061503,91.7776487944274,Germany
1990-06-01,81.76,1.68,71640080000,67.35,1.204819277108435,59.57,1.485933184855234,1.6456557135479999,1.108277082716572,0.10404280618310224,0.602928509905265,2.391984971822181,92.9615446651565,Germany
1990-07-01,78.79,1.64,71072400000,67.35,-2.380952380952383,59.8,1.4561544172234595,-2.004044861187726,1.0860667127926693,0.0,-3.6325831702544,5.475234270415008,92.22491218686339,Germany
1990-08-01,75.96,1.57,72425740000,67.56,-4.26829268292682,60.35,1.4024496743635286,-3.688121412448353,1.046011253804689,0.3118040089086893,-3.591826373905338,6.015352407536612,93.98103218082687,Germany
1990-09-01,86.5,1.57,73197570000,67.77,0.0,60.86,1.4099188431459349,0.5325801644751271,1.0515821022606304,0.3108348134990946,13.875724065297534,5.513539887777497,94.98257362269723,Germany
1990-10-01,92.64,1.52,75011930000,68.26,-3.184713375796181,61.22,1.363234690887782,-3.311123366078794,1.016762921559176,0.7230337907628837,7.098265895953748,6.15331729116535,97.33692202904565,Germany
1990-11-01,89.46,1.49,76166070000,68.12,-1.9736842105263175,61.36,1.3421374045801526,-1.547590187415937,1.0010275983558425,-0.20509815411661192,-3.4326424870466443,5.5824383335300265,98.83455627456637,Germany
1990-12-01,83.81,1.49,77064210000,68.19,0.0,61.36,1.3407596421762722,-0.10265434814488161,1.0,0.10275983558425406,-6.315671808629542,4.215369311116635,100.0,Germany
